,City,Country,Latitude,Longitude,Max Temperature (F),Humidity,Cloudiness,Windspeed (mph),Date
0,Chui,UY,-33.6971,-53.4616,58.21,87,0,9.33,1667785416
1,Ancud,CL,-41.8697,-73.8203,48.9,87,9,3.51,1667785416
2,Sinnamary,GF,5.3833,-52.95,77.79,87,100,7.18,1667785416
3,Puerto Quijarro,BO,-17.7833,-57.7667,74.14,32,0,3.67,1667785417
4,Oga,IT,46.4631,10.347,35.02,56,40,2.46,1667785417
5,Kruisfontein,ZA,-34.0033,24.7314,63.88,84,99,3.22,1667785418
6,Saskylakh,RU,71.9167,114.0833,-23.76,100,50,2.71,1667785418
7,Huilong,CN,31.8111,121.655,65.93,61,0,11.48,1667785418
8,Buala,SB,-8.145,159.5921,81.75,80,87,10.8,1667785419
9,Norman Wells,CA,65.282,-126.8329,3.24,85,20,4.61,1667785419
10,Byron Bay,AU,-28.65,153.6167,75.94,56,28,9.75,1667785419
11,Aripuanã,BR,-9.1667,-60.6333,78.49,49,35,1.81,1667785420
12,Bud,US,39.447,-86.1758,57.04,70,0,5.17,1667785420
13,Beringovskiy,RU,63.05,179.3167,30.51,97,100,1.19,1667785420
14,Chifeng,CN,42.2683,118.9636,42.93,26,0,7.11,1667785421
15,Chunhuhub,MX,19.55,-88.6833,72.03,83,25,2.8,1667785421
16,Ponta do Sol,PT,32.6667,-17.1,68.72,87,28,1.45,1667785421
17,Hasaki,JP,35.7333,140.8333,64.29,53,100,9.44,1667785422
18,Meulaboh,ID,4.1363,96.1285,80.73,76,99,4.36,1667785422
19,Mataura,NZ,-46.1927,168.8643,65.48,45,92,8.66,1667785422
20,Alyangula,AU,-13.8483,136.4192,86.68,62,21,8.1,1667785423
21,Thompson,CA,55.7435,-97.8558,12.36,85,100,10.36,1667785423
22,Port Alfred,ZA,-33.5906,26.891,66.18,84,100,8.99,1667785423
23,Ahipara,NZ,-35.1667,173.1667,65.3,60,81,11.56,1667785424
24,Guerrero Negro,MX,27.9769,-114.0611,65.01,76,45,11.18,1667785424
25,Port Blair,IN,11.6667,92.75,82.44,78,75,5.75,1667785424
26,Vaini,TO,-21.2,-175.2,80.76,69,20,11.5,1667785425
27,Bathsheba,BB,13.2167,-59.5167,81.21,83,20,18.41,1667785425
28,Souillac,MU,-20.5167,57.5167,71.98,83,40,3.44,1667785426
29,Punta Arenas,CL,-53.15,-70.9167,57.31,58,0,8.05,1667785337
30,Tutóia,BR,-2.7619,-42.2744,75.34,92,100,6.53,1667785426
31,East London,ZA,-33.0153,27.9116,66.67,80,100,18.23,1667785426
32,Lebu,CL,-37.6167,-73.65,51.17,89,34,10.94,1667785427
33,Lagan,RU,45.3929,47.3707,41.59,65,91,8.88,1667785427
34,Kavieng,PG,-2.5744,150.7967,85.46,66,100,7.2,1667785427
35,Albany,US,42.6001,-73.9662,68.72,88,78,1.01,1667784940
36,Paka,MY,4.6374,103.4368,78.73,94,40,0.0,1667785428
37,Kapaa,US,22.0752,-159.319,82.38,78,40,13.8,1667785428
38,Bluff,NZ,-46.6,168.3333,65.8,64,90,19.55,1667785429
39,Kavaratti,IN,10.5669,72.642,80.87,75,4,3.69,1667785429
40,Te Anau,NZ,-45.4167,167.7167,57.43,62,85,7.94,1667785429
41,San Cristobal,VE,7.7669,-72.225,75.38,99,100,2.26,1667785430
42,Airai,TL,-8.9266,125.4092,74.07,52,100,1.66,1667785430
43,Hermanus,ZA,-34.4187,19.2345,63.81,81,100,10.8,1667785431
44,Ouadda,CF,8.0777,22.4007,69.49,58,12,0.54,1667785431
45,Presidente Epitácio,BR,-21.7633,-52.1156,68.02,45,0,10.6,1667785431
46,Ust'-Barguzin,RU,53.45,108.9833,31.84,83,100,5.3,1667785432
47,Avarua,CK,-21.2078,-159.775,77.05,65,40,8.05,1667785432
48,Bethel,US,41.3712,-73.414,68.09,83,40,10.36,1667785432
49,Ostrovnoy,RU,68.0531,39.5131,32.86,95,100,17.22,1667785433
50,Havre-St-Pierre,CA,50.2334,-63.5986,46.76,93,100,5.75,1667785433
51,Saint-Joseph,RE,-21.3667,55.6167,68.38,80,39,8.57,1667785434
52,Barrow,US,71.2906,-156.7887,21.22,93,100,20.71,1667785434
53,Busselton,AU,-33.65,115.3333,68.67,58,69,10.71,1667785434
54,Ushuaia,AR,-54.8,-68.3,47.86,87,0,3.44,1667785435
55,São Sebastião,BR,-23.76,-45.4097,64.94,83,83,1.88,1667785435
56,Mount Isa,AU,-20.7333,139.5,85.77,39,0,10.36,1667785435
57,Saint Paul Harbor,US,57.79,-152.4072,35.11,48,0,3.44,1667785436
58,Grindavik,IS,63.8424,-22.4338,39.67,87,0,4.61,1667785436
59,Walvis Bay,NA,-22.9575,14.5053,70.75,68,89,13.8,1667785436
60,Khatanga,RU,71.9667,102.5,-9.58,95,91,5.17,1667785437
61,Cidreira,BR,-30.1811,-50.2056,62.74,80,8,13.44,1667785437
62,Portland,US,45.5234,-122.6762,41.81,93,100,3.0,1667785281
63,Mercedes,AR,-34.6515,-59.4307,64.63,78,79,8.5,1667785437
64,Kropotkin,RU,45.4375,40.5756,37.24,75,5,16.24,1667785438
65,Úrkút,HU,47.085,17.6439,45.32,90,65,3.74,1667785438
66,Codajás,BR,-3.8367,-62.0569,78.84,73,88,2.17,1667785438
67,Saint George,US,37.1041,-113.5841,63.19,37,0,5.01,1667785325
68,Coquimbo,CL,-29.9533,-71.3436,58.73,82,40,3.44,1667785238
69,Puerto Ayora,EC,-0.7393,-90.3518,67.55,86,77,4.0,1667785439
70,Faanui,PF,-16.4833,-151.75,77.65,80,100,19.77,1667785440
71,Constitución,CL,-35.3333,-72.4167,51.66,90,84,11.63,1667785256
72,Plastun,RU,44.7561,136.2939,45.16,37,52,2.98,1667785440
73,Acapulco de Juárez,MX,16.8634,-99.8901,80.38,85,8,6.44,1667785440
74,Kieta,PG,-6.2167,155.6333,79.34,87,100,7.72,1667785441
75,Blind River,CA,46.1834,-82.9582,53.71,68,100,20.54,1667785441
76,Gambēla,ET,8.25,34.5833,68.95,84,79,3.36,1667785442
77,Rikitea,PF,-23.1203,-134.9692,72.07,82,100,14.92,1667785442
78,Upernavik,GL,72.7868,-56.1549,8.89,74,86,6.06,1667785442
79,Porto-Novo,BJ,6.4965,2.6036,82.22,85,29,3.65,1667785443
80,Mar del Plata,AR,-38.0023,-57.5575,63.09,88,0,18.01,1667785443
81,Castro,BR,-24.7911,-50.0119,47.82,98,3,5.19,1667785444
82,Marechal Cândido Rondon,BR,-24.5561,-54.0567,62.62,71,10,4.97,1667785444
83,Dikson,RU,73.5069,80.5464,7.43,92,100,8.14,1667785445
84,Vardø,NO,70.3705,31.1107,31.98,80,20,10.36,1667785445
85,Atuona,PF,-9.8,-139.0333,77.04,68,67,11.59,1667785445
86,Guiren,CN,33.6697,118.1889,64.99,49,4,2.71,1667785446
87,Rosarito,MX,32.3333,-117.0333,63.55,77,0,3.67,1667785446
88,Hobart,AU,-42.8794,147.3294,72.05,61,73,1.01,1667785281
89,Arraial do Cabo,BR,-22.9661,-42.0278,69.03,68,25,5.21,1667785447
90,São Félix do Xingu,BR,-6.6447,-51.995,72.21,98,100,0.6,1667785448
91,Port Elizabeth,ZA,-33.918,25.5701,66.09,91,0,17.27,1667785442
92,Tessalit,ML,20.1986,1.0114,71.2,16,0,5.75,1667785448
93,Mil'kovo,RU,54.7167,158.6167,28.31,84,99,2.01,1667785448
94,Qaanaaq,GL,77.484,-69.3632,-1.71,92,100,7.78,1667785449
95,Butaritari,KI,3.0707,172.7902,79.56,76,37,6.46,1667785449
96,Tasiilaq,GL,65.6145,-37.6368,32.16,75,100,4.83,1667785450
97,Nikolskoye,RU,59.7035,30.7861,40.91,94,95,8.7,1667785450
98,San Patricio,US,28.017,-97.5169,78.91,88,4,11.45,1667785450
99,Sisimiut,GL,66.9395,-53.6735,15.17,80,42,8.57,1667785451
100,Bengkulu,ID,-3.8004,102.2655,79.86,75,100,3.51,1667785451
101,Novosheshminsk,RU,55.0651,51.2338,27.91,93,35,5.97,1667785452
102,New Norfolk,AU,-42.7826,147.0587,72.72,36,43,1.99,1667785452
103,Lae,PG,-6.7221,146.9847,90.27,58,73,8.63,1667785453
104,Esim,GH,4.8699,-2.2405,76.8,87,36,3.6,1667785453
105,Mahāsamund,IN,21.1,82.1,68.27,69,7,0.49,1667785453
106,Jamnagar,IN,22.4667,70.0667,79.0,52,32,8.52,1667785454
107,Ambon City,ID,-3.6954,128.1814,89.74,62,20,5.75,1667785454
108,Muaná,BR,-1.5283,-49.2167,74.73,91,100,2.75,1667785455
109,Melo,UY,-32.3667,-54.1833,54.01,94,0,9.69,1667785455
110,Mulatupo,PA,8.9492,-77.7652,77.63,84,100,9.55,1667785456
111,Hilo,US,19.7297,-155.09,80.33,80,40,8.05,1667785358
112,Tocopilla,CL,-22.092,-70.1979,63.52,72,36,6.22,1667785456
113,Jamestown,US,42.097,-79.2353,57.72,79,75,6.91,1667785457
114,Bredasdorp,ZA,-34.5322,20.0403,63.95,85,100,3.0,1667785457
115,Rawson,AR,-43.3002,-65.1023,78.01,27,100,26.78,1667785458
116,Voyvozh,RU,62.892,54.9635,22.48,96,100,7.05,1667785458
117,Cap Malheureux,MU,-19.9842,57.6142,69.48,76,16,1.99,1667785458
118,Verkhnevilyuysk,RU,63.4453,120.3167,-13.02,95,7,1.97,1667785459
119,Chapais,CA,49.7834,-74.8492,44.38,75,100,9.44,1667785459
120,São Filipe,CV,14.8961,-24.4956,77.88,68,0,4.41,1667785460
121,Hithadhoo,MV,-0.6,73.0833,81.43,76,46,12.59,1667785460
122,Mahébourg,MU,-20.4081,57.7,71.89,83,40,3.44,1667785460
123,Mitú,CO,1.1983,-70.1733,76.55,78,100,0.29,1667785461
124,Gao,ML,16.6362,1.637,71.91,16,0,10.02,1667785320
125,Coahuayana Viejo,MX,18.7333,-103.6833,74.8,93,11,0.96,1667785461
126,Magadan,RU,59.5667,150.8,25.54,73,100,13.04,1667785462
127,George Town,MY,5.4112,100.3354,83.23,82,40,9.22,1667785254
128,Mersing,MY,2.4312,103.8405,76.91,94,20,2.3,1667785462
129,Rome,US,43.2128,-75.4557,70.52,78,75,10.36,1667785463
130,Nanortalik,GL,60.1432,-45.2371,31.35,89,87,2.82,1667785463
131,Khorramshahr,IR,30.4397,48.1664,66.15,36,0,6.91,1667785464
132,Chokurdakh,RU,70.6333,147.9167,5.05,93,100,18.14,1667785464
133,Clyde River,CA,70.4692,-68.5914,-0.17,60,0,6.91,1667785291
134,Touros,BR,-5.1989,-35.4608,78.3,73,47,13.35,1667785290
135,Beba,CU,22.4437,-79.7253,75.47,91,0,7.05,1667785465
136,Comodoro Rivadavia,AR,-45.8667,-67.5,66.06,37,0,3.44,1667785465
137,Yerbogachën,RU,61.2767,108.0108,17.17,96,100,4.03,1667785466
138,Houma,US,29.5958,-90.7195,75.2,93,1,4.61,1667785202
139,Mitrovice,XK,42.8833,20.8667,48.6,95,28,1.92,1667785466
140,Cape Town,ZA,-33.9258,18.4232,64.11,87,75,11.5,1667785466
141,Bilibino,RU,68.0546,166.4372,2.26,96,65,3.96,1667785467
142,Province of Mantua,IT,45.1667,10.7833,45.64,86,44,1.99,1667785467
143,Falam,MM,22.9167,93.6833,61.97,82,5,0.78,1667785467
144,Goundam,ML,16.4145,-3.6708,78.21,16,0,8.97,1667785468
145,Jieshi,CN,22.8134,115.8257,70.99,78,37,8.86,1667785468
146,Hokitika,NZ,-42.7167,170.9667,56.55,67,100,4.27,1667785469
147,Beckley,US,37.7782,-81.1882,63.82,78,20,5.75,1667785469
148,Brønnøysund,NO,65.4625,12.1997,42.8,93,75,10.36,1667785469
149,Leshukonskoye,RU,64.8989,45.7622,30.16,94,100,8.23,1667785470
150,Gobabis,NA,-22.45,18.9667,62.89,62,97,19.62,1667785470
151,Koshki,RU,54.2091,50.4677,28.18,94,22,5.26,1667785470
152,Guatire,VE,10.4762,-66.5427,71.98,93,44,1.54,1667785471
153,Karasjok,NO,69.4719,25.5112,27.43,86,66,8.79,1667785472
154,Povenets,RU,62.8487,34.8262,38.62,96,100,11.86,1667785472
155,Ilulissat,GL,69.2167,-51.1,-2.83,94,39,6.96,1667785472
156,Castelo do Piauí,BR,-5.3222,-41.5525,77.27,76,100,1.9,1667785473
157,Wanning,CN,18.8003,110.3967,75.22,86,84,11.1,1667785473
158,Along,IN,28.1667,94.7667,66.74,59,6,0.85,1667785473
159,Huarmey,PE,-10.0681,-78.1522,63.91,84,24,8.25,1667785474
160,Pokhara,NP,28.2333,83.9833,64.47,54,13,1.12,1667785463
161,Lavrentiya,RU,65.5833,-171.0,33.76,99,100,10.67,1667785474
162,Turukhansk,RU,65.8167,87.9833,17.01,96,100,6.26,1667785474
163,Eyl,SO,7.9803,49.8164,76.71,81,9,6.35,1667785475
164,Qasigiannguit,GL,68.8193,-51.1922,-1.41,95,34,6.35,1667785475
165,Xiongyue,CN,40.1774,122.1228,54.46,73,47,9.51,1667785476
166,Talnakh,RU,69.4865,88.3972,22.1,97,100,6.58,1667785476
167,Avera,US,33.194,-82.5271,71.65,90,0,5.17,1667785221
168,Yellowknife,CA,62.456,-114.3525,-1.44,78,20,8.05,1667785477
169,Olafsvik,IS,64.8945,-23.7142,41.29,70,0,12.97,1667785477
170,Nikolayevka,RU,53.1257,47.2041,29.19,89,16,5.12,1667785477
171,Goundi,TD,9.3627,17.366,72.03,41,49,4.92,1667785478
172,Kirakira,SB,-10.4544,161.9205,83.73,77,56,5.97,1667785478
173,Nakamura,JP,32.9833,132.9333,61.45,89,92,0.67,1667785478
174,Carnarvon,AU,-24.8667,113.6333,69.28,61,66,16.13,1667785479
175,Vila Velha,BR,-20.3297,-40.2925,69.94,88,75,4.61,1667785479
176,Tuktoyaktuk,CA,69.4541,-133.0374,6.8,78,20,12.66,1667785479
177,Waipawa,NZ,-41.4122,175.5153,64.6,51,52,9.8,1667785480
178,Gemena,CD,3.25,19.7667,69.08,98,100,1.97,1667785480
179,Torbay,CA,47.6666,-52.7314,54.75,97,100,13.8,1667785480
180,Bereda,ES,43.2686,-7.5406,54.41,92,99,7.87,1667785481
181,Kotapārh,IN,19.15,82.35,65.86,69,2,1.25,1667785481
182,Moche,PE,-8.1711,-79.0092,62.78,82,42,11.5,1667785482
183,Sarkand,KZ,45.41,79.9186,45.21,61,99,3.8,1667785482
184,Longyearbyen,SJ,78.2186,15.6401,30.04,80,75,11.5,1667785482
185,Micheweni,TZ,-4.9667,39.8333,75.87,87,10,4.94,1667785483
186,Salalah,OM,17.0151,54.0924,77.09,73,0,4.61,1667785483
187,Kharp,RU,66.8014,65.8081,19.0,92,100,5.73,1667785483
188,Padang,ID,-0.9492,100.3543,78.85,81,100,3.27,1667785484
189,Shache,CN,38.4167,77.2406,46.54,33,100,5.14,1667785484
190,Marsá Maţrūḩ,EG,31.3525,27.2453,62.8,51,0,11.5,1667785485
191,Sel’tso,RU,53.3675,34.1,32.49,100,100,8.95,1667785485
192,Marsh Harbour,BS,26.5412,-77.0636,80.06,70,0,24.23,1667785485
193,Dzhebariki-Khaya,RU,62.2167,135.8,-3.96,96,98,2.42,1667785486
194,Popondetta,PG,-8.7537,148.2534,93.69,45,59,7.94,1667785486
195,Erbil,IQ,36.1926,44.0106,51.62,43,0,1.14,1667785486
196,Port Hedland,AU,-20.3167,118.5667,78.85,57,71,20.71,1667785487
197,San Sebastian,ES,43.3128,-1.975,52.09,75,0,3.44,1667785294
198,Aykhal,RU,66.0,111.5,-7.96,100,100,6.06,1667785487
199,Saldanha,ZA,-33.0117,17.9442,61.77,93,100,8.16,1667785487
200,Saint-Philippe,RE,-21.3585,55.7679,69.39,82,47,9.57,1667785488
201,Binzhou,CN,37.3667,118.0167,59.67,47,4,6.69,1667785488
202,Acaraú,BR,-2.8856,-40.12,77.86,82,95,7.76,1667785489
203,Laas,IT,46.6166,10.7002,36.36,51,55,3.29,1667785489
204,Iqaluit,CA,63.7506,-68.5145,11.93,67,20,16.11,1667785489
205,Ereymentau,KZ,51.6199,73.1033,22.8,82,78,8.19,1667785490
206,Shingū,JP,33.7333,135.9833,64.9,51,100,3.24,1667785490
207,Katherine,AU,-14.4667,132.2667,93.52,43,40,3.44,1667785490
208,Luanda,AO,-8.8368,13.2343,77.0,88,75,5.75,1667785461
209,Kumul,CN,42.8,93.45,50.47,23,100,0.65,1667785491
210,Nouadhibou,MR,20.931,-17.0347,69.78,68,0,9.22,1667785491
211,Pascagoula,US,30.3658,-88.5561,73.42,99,0,0.0,1667785492
212,Alofi,NU,-19.0595,-169.9187,80.49,61,3,13.8,1667785492
213,Maple Creek,CA,49.9168,-109.4848,14.05,73,89,4.61,1667785492
214,Geraldton,AU,-28.7667,114.6,68.41,49,40,13.8,1667785493
215,Roebourne,AU,-20.7833,117.1333,78.53,36,31,14.88,1667785493
216,Kaitangata,NZ,-46.2817,169.8464,66.94,43,27,8.32,1667785493
217,Puerto Ayacucho,VE,5.6639,-67.6236,79.11,76,79,2.48,1667785494
218,Saint-Leu,RE,-21.15,55.2833,70.63,78,54,3.69,1667785494
219,Mount Gambier,AU,-37.8333,140.7667,76.14,42,6,2.89,1667785494
220,Owando,CG,-0.4819,15.8999,70.25,97,100,1.52,1667785495
221,Bam,IR,29.106,58.357,61.38,45,0,3.11,1667785495
222,Sørland,NO,67.667,12.6934,42.66,63,2,21.34,1667785495
223,Tumut,AU,-35.3,148.2167,71.53,57,99,5.97,1667785496
224,Pevek,RU,69.7008,170.3133,17.62,83,100,16.26,1667785496
225,Dalbandin,PK,28.8947,64.4101,61.63,56,28,7.18,1667785477
226,Zarasai,LT,55.7333,26.25,37.78,94,44,5.48,1667785497
227,Paengaroa,NZ,-37.8167,176.4167,68.72,51,99,4.0,1667785497
228,Aklavik,CA,68.2191,-135.0107,-5.84,89,4,6.73,1667785497
229,Vinh Long,VN,10.25,105.9667,84.18,75,43,3.6,1667785498
230,Gimli,CA,50.6336,-96.9907,32.02,93,100,16.11,1667785498
231,Gawler,AU,-34.6,138.7333,85.21,30,0,6.76,1667785498
232,Paamiut,GL,61.994,-49.6678,16.45,81,21,7.9,1667785499
233,Srednekolymsk,RU,67.45,153.6833,-11.63,98,32,0.94,1667785499
234,Broken Hill,AU,-31.95,141.4333,77.14,25,0,5.1,1667785499
235,Sofia,BG,42.6975,23.3242,52.05,95,62,8.05,1667785500
236,Shelburne,CA,44.0787,-80.2041,53.6,70,56,15.84,1667785500
237,Pahrump,US,36.2083,-115.9839,65.5,41,0,10.0,1667785440
238,Palmer,US,42.1584,-72.3287,68.9,72,75,14.97,1667785501
239,Villanueva,HN,15.3167,-88.0,78.04,83,20,6.91,1667785501
240,Hohoe,GH,7.1518,0.4736,73.11,91,11,3.15,1667785501
241,Mareeba,AU,-17.0,145.4333,88.45,55,4,7.29,1667785502
242,Narsaq,GL,60.9167,-46.05,34.02,97,98,2.06,1667785503
243,Lere,NG,10.387,8.5726,66.31,34,100,3.0,1667785503
244,Qui Nhon,VN,13.7667,109.2333,77.76,82,100,11.97,1667785503
245,Port Lincoln,AU,-34.7333,135.8667,74.1,49,3,14.29,1667785504
246,Havøysund,NO,70.9963,24.6622,37.63,91,100,30.38,1667785504
247,Margate,GB,51.3813,1.3862,54.3,87,74,5.99,1667785505
248,Hofn,IS,64.2539,-15.2082,40.95,89,100,14.18,1667785505
249,Lüderitz,NA,-26.6481,15.1594,60.85,89,100,4.52,1667785506
250,Ciudad Bolivar,VE,8.1222,-63.5497,83.79,59,100,4.23,1667785506
251,Forrest City,US,35.0081,-90.7898,57.45,86,4,5.84,1667785507
252,‘Ewa Beach,US,21.3156,-158.0072,85.95,56,20,16.11,1667785507
253,Vila Franca do Campo,PT,37.7167,-25.4333,64.81,80,100,11.83,1667785507
254,Williston,US,48.147,-103.618,20.32,65,8,11.01,1667785173
255,Banda Aceh,ID,5.5577,95.3222,81.39,71,51,2.73,1667785508
256,Tura,IN,25.5198,90.2201,71.13,78,0,1.86,1667785508
257,Andenes,NO,69.3143,16.1194,39.18,75,100,12.66,1667785509
258,Saint Anthony,US,45.0205,-93.218,43.75,43,0,29.93,1667785509
259,Cayenne,GF,4.9333,-52.3333,77.04,94,100,6.91,1667785386
260,Westport,US,41.1415,-73.3579,68.31,87,20,10.36,1667785510
261,Kosonsoy,UZ,41.2561,71.5508,39.76,54,100,6.13,1667785510
262,Vrangel',RU,42.7297,133.0839,47.08,68,98,8.46,1667785510
263,Dalvik,IS,65.9702,-18.5286,37.33,89,59,1.59,1667785511
264,Xining,CN,36.6167,101.7667,39.74,53,91,0.85,1667785511
265,Kahului,US,20.8947,-156.47,89.62,58,20,23.02,1667785512
266,Esperance,AU,-33.8667,121.9,57.04,79,100,17.58,1667785512
267,Ayní,TJ,39.3941,68.5377,39.87,79,100,6.76,1667785512
268,Stepnyak,KZ,52.8339,70.7803,27.07,90,100,8.7,1667785513
269,Tupik,RU,54.4253,119.9327,19.51,78,60,2.8,1667785513
270,Port Augusta,AU,-32.5,137.7667,86.7,18,0,5.06,1667785514
271,Suntar,RU,62.1444,117.6319,-2.9,90,38,3.04,1667785514
272,Shetpe,KZ,44.1667,52.1167,35.51,89,97,12.91,1667785514
273,Chernyshevskiy,RU,63.0128,112.4714,10.49,93,100,3.2,1667785515
274,Ribeira Grande,PT,38.5167,-28.7,65.77,79,100,15.01,1667785515
275,Isangel,VU,-19.55,169.2667,82.51,89,75,3.44,1667785516
276,Harper,LR,4.375,-7.7169,76.68,88,24,4.47,1667785516
277,Merauke,ID,-8.4667,140.3333,85.87,67,36,5.75,1667785517
278,Lensk,RU,60.7253,114.9278,23.22,94,100,5.48,1667785517
279,Yukamenskoye,RU,57.8865,52.2416,25.38,94,25,7.18,1667785518
280,Lotoshino,RU,56.2267,35.6414,33.26,98,100,8.14,1667785518
281,Lata,PT,40.1629,-8.3327,54.07,96,90,2.17,1667785518
282,Leningradskiy,RU,69.3833,178.4167,15.64,80,1,8.81,1667785519
283,Bambous Virieux,MU,-20.3428,57.7575,71.85,83,40,3.44,1667785519
284,College,US,64.8569,-147.8028,5.58,84,75,0.0,1667785519
285,Sinop Province,TR,41.7711,34.8709,50.38,77,100,5.23,1667785520
286,Hirara,JP,24.8,125.2833,77.27,65,75,13.8,1667785520
287,Eureka,US,40.8021,-124.1637,50.2,95,100,8.01,1667785521
288,Independence,US,39.0911,-94.4155,56.19,54,0,13.8,1667784974
289,Boddam,GB,57.4667,-1.7833,43.18,85,100,13.33,1667785521
290,Montrose,US,38.4166,-108.2673,34.45,69,1,5.88,1667785364
291,Cherskiy,RU,68.75,161.3,-3.1,100,53,4.09,1667785522
292,Pervomayskoye,RU,43.919,46.7102,41.81,68,69,4.05,1667785522
293,Lompoc,US,34.6391,-120.4579,62.02,79,0,8.05,1667785522
294,Verkhoyansk,RU,67.5447,133.385,-0.09,96,100,4.47,1667785523
295,Yulara,AU,-25.2406,130.9889,87.64,19,12,17.27,1667785523
296,Bryan,US,30.6744,-96.37,77.83,88,75,4.61,1667785303
297,Barcelos,PT,41.5388,-8.6151,57.92,91,27,3.49,1667785524
298,Ilo,PE,-17.6394,-71.3375,62.11,81,49,3.98,1667785524
299,Rhodes,GR,36.4408,28.2225,63.79,84,40,5.99,1667785525
300,San Quintín,MX,30.4833,-115.95,63.43,81,58,8.39,1667785525
301,Petropavlovskoye,RU,52.0712,84.107,30.31,74,93,4.61,1667785525
302,Deputatsky,RU,69.3,139.9,-2.33,86,100,15.86,1667785526
303,Iki-Burul,RU,45.8208,44.6472,34.27,91,7,9.33,1667785526
304,Elko,US,41.0002,-115.5012,50.02,67,99,5.99,1667785527
305,Los Llanos de Aridane,ES,28.6585,-17.9182,67.75,87,100,6.91,1667785527
306,Sept-Îles,CA,50.2001,-66.3821,45.12,98,100,2.3,1667785527
307,Port Hardy,CA,50.6996,-127.4199,37.58,81,75,16.11,1667785528
308,Flinders,AU,-34.5833,150.8552,76.17,69,7,7.0,1667785528
309,Lorengau,PG,-2.0226,147.2712,83.89,75,83,6.2,1667785528
310,Samarkand,UZ,39.6542,66.9597,49.42,93,75,6.91,1667785529
311,Shimoda,JP,34.6667,138.95,58.1,88,100,9.75,1667785529
312,Porto Walter,BR,-8.2686,-72.7439,77.5,50,63,2.62,1667785530
313,Luau,AO,-10.7073,22.2247,62.69,97,97,2.21,1667785530
314,Marondera,ZW,-18.1853,31.5519,59.81,84,91,2.84,1667785530
315,Nome,US,64.5011,-165.4064,32.07,86,100,14.97,1667785531
316,Roald,NO,62.5833,6.1333,47.75,87,38,8.05,1667785531
317,Kalmunai,LK,7.4167,81.8167,77.97,81,73,5.82,1667785532
318,Nouakchott,MR,18.0858,-15.9785,75.81,59,36,9.91,1667785241
319,Dingle,PH,10.9995,122.6711,85.23,73,98,8.9,1667785532
320,Sabang,ID,5.8933,95.3214,80.17,78,93,6.44,1667785532
321,Daru,PG,-9.0763,143.2092,84.18,68,98,4.34,1667785533
322,Hlotse,LS,-28.8718,28.045,56.61,75,100,4.45,1667785533
323,Butembo,CD,0.15,29.2833,57.16,96,100,2.01,1667785533
324,Shahreza,IR,32.0339,51.8794,46.45,34,0,3.76,1667785534
325,Yilan,TW,24.757,121.753,80.02,94,98,2.59,1667785534
326,Garoowe,SO,8.4054,48.4845,72.05,80,5,6.78,1667785534
327,Warrnambool,AU,-38.3833,142.4833,66.74,68,4,1.25,1667785535
328,Gijang,KR,35.2442,129.2139,53.33,37,0,2.08,1667785340
329,Baharly,TM,38.4362,57.4316,47.75,68,45,11.23,1667785535
330,Bonthe,SL,7.5264,-12.505,76.33,87,59,2.33,1667785536
331,Mvuma,ZW,-19.2792,30.5283,62.96,84,68,4.79,1667785536
332,Kalānaur,IN,28.8333,76.4,72.68,39,100,2.21,1667785536
333,Charters Towers,AU,-20.1,146.2667,85.23,35,39,10.25,1667785537
334,Guthrie,US,35.8789,-97.4253,62.62,59,99,4.61,1667785537
335,Fare,PF,-16.7,-151.0167,77.43,82,100,23.44,1667785538
336,Gucheng,CN,35.9115,111.3192,57.49,24,1,3.8,1667785538
337,Shaunavon,CA,49.6501,-108.4181,6.58,97,92,5.91,1667785538
338,Kulgam,IN,33.65,75.0167,45.99,88,100,1.9,1667785539
339,Kyshtovka,RU,56.555,76.6271,26.67,96,100,7.29,1667785539
340,Oneonta,US,42.4529,-75.0638,69.3,90,67,12.82,1667785539
341,Samaná,DO,19.2056,-69.3369,73.49,91,24,4.97,1667785540
342,Ouango,CF,4.3133,22.5552,68.63,99,92,1.74,1667785540
343,Payson,US,40.0444,-111.7321,44.42,73,100,1.99,1667785489
344,Nishihara,JP,26.1842,127.7558,76.28,69,75,24.61,1667785541
345,Kul'dur,RU,49.2167,131.6333,31.78,61,9,4.12,1667785541
346,Fortuna,US,40.5982,-124.1573,49.35,93,100,1.01,1667785541
347,Gunjur,GM,13.2019,-16.7339,71.67,100,0,5.75,1667785542
348,Toba,JP,34.4833,136.85,60.8,57,99,7.9,1667785542
349,Sitka,US,57.0531,-135.33,33.69,27,20,12.66,1667785311
350,Ekhabi,RU,53.5102,142.9671,29.7,58,59,14.18,1667785542
351,Arman',RU,59.7,150.1667,26.02,71,100,13.18,1667785543
352,Bonavista,CA,48.6499,-53.1147,50.11,96,100,14.45,1667785543
353,Berlevåg,NO,70.8578,29.0864,35.6,80,20,13.8,1667785544
354,Saint-Pierre,RE,-21.3393,55.4781,69.48,68,0,6.91,1667785544
355,Pacifica,US,37.6138,-122.4869,58.01,84,75,9.22,1667785544
356,Rodrigues Alves,BR,-7.738,-72.6509,75.22,54,62,2.42,1667785545
357,Cabo San Lucas,MX,22.8909,-109.9124,76.3,73,20,12.66,1667785545
358,Half Moon Bay,US,37.4636,-122.4286,59.41,74,100,9.22,1667785545
359,Usinsk,RU,65.9939,57.5281,29.84,95,100,12.48,1667785546
360,San Andrés,CO,12.5847,-81.7006,78.82,89,75,3.44,1667785546
361,Hervey Bay,AU,-25.2986,152.8535,73.27,52,39,16.2,1667785546
362,Hay River,CA,60.8156,-115.7999,10.38,72,75,17.27,1667785547
363,Husavik,IS,66.0449,-17.3389,38.64,97,100,6.2,1667785547
364,Ngunguru,NZ,-35.6167,174.5,61.02,70,98,16.73,1667785548
365,Richmond,US,37.5538,-77.4603,73.38,79,75,6.91,1667785444
366,Vostok,RU,46.4856,135.8833,35.74,42,12,3.8,1667785548
367,Vogar,IS,63.9832,-22.3874,39.76,87,0,4.61,1667785548
368,Smidovich,RU,48.6,133.8167,34.72,42,1,8.1,1667785549
369,Iguape,BR,-24.7081,-47.5553,63.48,80,14,4.36,1667785549
370,São Miguel do Araguaia,BR,-13.275,-50.1628,75.24,68,23,3.98,1667785549
371,Krasnyy Kut,RU,50.95,46.9667,35.38,68,96,3.96,1667785550
372,Bingöl,TR,38.8847,40.4939,43.66,56,0,1.86,1667785550
373,Zaraza,VE,9.3503,-65.3245,78.06,69,72,2.66,1667785550
374,Hong Kong,HK,22.2855,114.1577,70.32,89,83,5.01,1667785551
375,Kainan,JP,34.15,135.2,63.48,53,55,1.68,1667785551
376,Tecate,MX,32.5667,-116.6333,60.15,75,13,4.79,1667785552
377,Cham,CH,47.1821,8.4636,47.61,85,6,4.63,1667785552
378,Kargasok,RU,59.0556,80.8572,22.69,95,92,6.38,1667785552
379,Ratnagiri,IN,16.9833,73.3,75.09,53,45,8.28,1667785517
380,Orocué,CO,4.7912,-71.3354,79.43,74,100,3.2,1667785553
381,Zhezkazgan,KZ,47.8043,67.7144,24.78,93,20,6.71,1667785553
382,Chihuahua,MX,28.5,-106.0,63.43,23,0,4.68,1667785554
383,Jamūī,IN,24.9167,86.2167,73.31,58,0,1.19,1667785554
384,Antofagasta,CL,-23.65,-70.4,60.08,83,56,5.97,1667785554
385,Valdivia,CL,-39.8142,-73.2459,48.29,97,49,1.52,1667785555
386,Panzhihua,CN,26.5851,101.7128,64.04,71,1,0.74,1667785555
387,La Romana,DO,18.4273,-68.9728,75.56,94,40,0.0,1667785555
388,Saint-Léonard,CA,47.173,-67.9247,60.98,95,100,9.91,1667785556
389,Bela,IN,25.9333,81.9833,70.81,55,92,2.71,1667785556
390,Dhidhdhoo,MV,6.8833,73.1,80.73,68,7,3.69,1667785557
391,Harar,ET,9.3094,42.1258,53.65,46,5,1.25,1667785557
392,Northam,GB,51.0333,-4.2167,53.62,93,100,19.39,1667785557
393,Karratha,AU,-20.7377,116.8463,76.89,39,15,15.99,1667785558
394,Aksu,CN,41.1231,80.2644,47.34,36,100,2.53,1667785558
395,Fallon,US,39.4735,-118.7774,60.67,41,75,14.97,1667785491
396,Shagonar,RU,51.5333,92.8,21.56,93,96,3.96,1667785559
397,Arlit,NE,18.7369,7.3853,70.81,20,1,5.53,1667785559
398,Novopavlovka,RU,51.2172,109.2091,26.74,66,100,1.57,1667785559
399,Healdsburg,US,38.6105,-122.8692,57.11,79,75,6.91,1667785398
400,Parintins,BR,-2.6283,-56.7358,74.12,94,97,1.54,1667785560
401,Korla,CN,41.7597,86.1469,48.81,39,68,3.51,1667785560
402,Jalu,LY,29.0331,21.5482,62.26,49,0,8.84,1667785561
403,Eirunepé,BR,-6.6603,-69.8736,73.26,56,49,1.66,1667785561
404,Batticaloa,LK,7.7102,81.6924,78.46,79,86,4.61,1667785561
405,Nelson Bay,AU,-32.7167,152.15,73.11,62,13,14.0,1667785562
406,Tezu,IN,27.9167,96.1667,71.82,42,0,0.56,1667785562
407,Buritizeiro,BR,-17.3511,-44.9622,68.05,67,23,2.13,1667785563
408,Thinadhoo,MV,0.5333,72.9333,81.81,76,34,13.29,1667785563
409,Zhigansk,RU,66.7697,123.3711,-14.01,94,100,2.37,1667785564
410,Camacha,PT,33.0833,-16.3333,63.82,82,40,3.44,1667785564
411,Grand-Lahou,CI,5.1367,-5.0242,76.95,88,20,3.89,1667785565
412,Hualmay,PE,-11.0964,-77.6139,63.1,84,8,8.86,1667785565
413,Navalmoral de la Mata,ES,39.8916,-5.5406,52.95,87,98,0.67,1667785566
414,Tvøroyri,FO,61.5556,-6.8111,49.69,90,89,19.26,1667785566
415,Nichinan,JP,31.6,131.3667,65.88,64,84,5.41,1667785566
416,Graciano Sánchez,MX,23.9167,-99.2833,73.2,84,0,1.95,1667785567
417,Yumen,CN,40.2833,97.2,36.73,36,7,11.25,1667785567
418,Kyabé,TD,9.4515,18.9449,77.22,39,97,1.48,1667785568
419,Mitsamiouli,KM,-11.3847,43.2844,77.0,83,10,13.69,1667785568
420,Tevaitoa,PF,-16.7833,-151.5,77.5,82,100,20.67,1667785569
421,Kaeo,NZ,-35.1,173.7833,65.32,71,65,14.94,1667785569
422,Rovaniemi,FI,66.5,25.7167,29.61,100,0,1.14,1667785569
423,Zambezi,ZM,-13.5432,23.1047,62.69,90,47,3.74,1667785570
424,Mtwara,TZ,-10.2667,40.1833,75.07,83,100,6.4,1667785570
425,Changji,CN,44.0167,87.3167,41.79,65,100,4.47,1667785571
426,Yangjiang,CN,21.85,111.9667,70.83,81,82,7.92,1667785571
427,Codrington,AU,-38.2667,141.9667,71.69,60,6,4.05,1667785571
428,Camacupa,AO,-12.0167,17.4833,60.64,95,94,3.31,1667785572
429,Iquitos,PE,-3.7481,-73.2472,75.24,78,20,0.0,1667785572
430,Kuching,MY,1.55,110.3333,83.12,94,20,1.99,1667785573
431,Barentu,ER,15.1139,37.5928,70.79,69,5,3.24,1667785573
432,Gorontalo,ID,0.5412,123.0595,88.9,61,85,2.75,1667785573
433,Bandarbeyla,SO,9.4942,50.8122,77.09,82,4,5.23,1667785574
434,Ust-Maya,RU,60.4167,134.5333,-0.87,88,99,7.65,1667785574
435,Ambilobe,MG,-13.2,49.05,69.75,87,0,3.74,1667785575
436,Mezcala,MX,20.9333,-102.75,64.06,42,0,1.25,1667785575
437,Kuybysheve,UA,47.358,36.6491,33.31,84,78,11.59,1667785575
438,Atar,MR,20.5169,-13.0499,77.7,15,99,5.55,1667785576
439,Grants,US,35.1473,-107.8514,53.83,37,0,0.0,1667785344
440,Taree,AU,-31.9,152.4667,72.07,64,87,8.9,1667785576
441,Morelia,MX,19.7008,-101.1844,58.93,93,2,3.83,1667785577
442,Alice Springs,AU,-23.7,133.8833,90.95,7,7,13.8,1667785577
443,Lajas,PR,18.05,-67.0593,80.19,90,100,1.99,1667785578
444,Russell,US,32.3502,-85.1999,74.8,88,0,0.0,1667785578
445,Haines Junction,CA,60.7522,-137.5108,8.55,61,3,2.3,1667785578
446,Ust'-Uda,RU,54.1742,103.0304,30.22,85,97,2.62,1667785579
447,Faya,SA,18.3851,42.4509,53.71,91,10,2.62,1667785580
448,Tegul'det,RU,57.3064,88.1667,26.26,92,100,10.87,1667785580
449,Aksarka,RU,66.5606,67.7975,18.01,93,100,3.87,1667785581
450,Wamba,NG,8.9333,8.6,71.65,46,94,2.91,1667785581
451,La Resolana,MX,19.6,-104.4333,71.53,97,1,1.52,1667785582
452,Bourail,NC,-21.5667,165.4833,80.29,73,69,11.32,1667785582
453,Altay,CN,47.8667,88.1167,39.43,54,100,5.61,1667785582
454,Bichena,ET,10.45,38.2,47.41,53,5,3.36,1667785583
455,Bilma,NE,18.6853,12.9164,68.94,22,3,6.96,1667785583
456,Oranjemund,NA,-28.55,16.4333,60.35,96,99,3.87,1667785584
457,Pospelikha,RU,51.95,81.7667,26.85,73,100,6.93,1667785584
458,Marzuq,YE,14.4,46.4667,63.39,70,0,2.33,1667785584
459,Karabük,TR,41.2049,32.6277,55.56,43,100,2.62,1667785585
460,Naze,JP,28.3667,129.4833,68.92,63,86,6.76,1667785585
461,Saint-Augustin,CA,51.226,-58.6502,44.92,99,100,4.5,1667785585
462,Olbernhau,DE,50.6667,13.3333,46.56,77,100,8.63,1667785586
463,Klaksvík,FO,62.2266,-6.589,49.12,90,100,30.2,1667785586
464,Viedma,AR,-40.8135,-62.9967,66.47,50,6,13.71,1667785586
465,Inuvik,CA,68.3499,-133.7218,5.76,75,20,5.75,1667785526
466,Nefteyugansk,RU,61.0998,72.6035,18.79,98,85,6.15,1667785587
467,Sorong,ID,-0.8833,131.25,83.08,75,100,1.19,1667785587
468,Sabzawār,IR,36.2126,57.6819,51.08,58,20,11.5,1667785588
469,Adrian,US,41.8975,-84.0372,60.39,53,0,5.75,1667785588
470,Sidrolândia,BR,-20.9319,-54.9614,64.27,54,0,10.2,1667785589
471,Akdepe,TM,42.0551,59.3788,44.69,77,8,13.02,1667785589
472,Denholm,CA,52.6501,-108.018,8.73,99,82,5.21,1667785589
473,Zenzeli,RU,45.9241,47.0474,39.34,72,82,4.56,1667785590
474,Provideniya,RU,64.3833,-173.3,35.71,100,100,15.99,1667785590
475,Kapuskasing,CA,49.4169,-82.4331,46.49,87,75,16.11,1667785590
476,Herat Province,AF,34.5,62.0,48.79,75,36,11.88,1667785591
477,Valparaíso,CL,-33.0393,-71.6273,56.84,82,0,4.61,1667785556
478,Terra Santa,BR,-2.1042,-56.4869,75.2,91,97,1.45,1667785591
479,Hauterive,FR,46.0901,3.4459,50.76,83,19,6.22,1667785592
480,Carutapera,BR,-1.195,-46.02,75.43,89,99,4.47,1667785592
481,Gornyye Klyuchi,RU,45.25,133.5,40.37,57,100,6.85,1667785592
482,Kiryat Gat,IL,31.61,34.7642,67.41,100,1,0.94,1667785593
483,Las Vegas,US,36.175,-115.1372,68.68,29,0,13.8,1667785170
484,Tupiza,BO,-21.45,-65.7167,52.02,50,69,8.1,1667785593
485,Key West,US,24.5557,-81.7826,84.2,75,0,13.8,1667785594
486,Kawambwa,ZM,-9.7915,29.0791,64.65,93,100,1.52,1667785594
487,Nortelândia,BR,-14.4547,-56.8028,74.12,43,8,0.78,1667785594
488,Māngrol,IN,21.1167,70.1167,77.16,54,13,6.38,1667785595
489,Domoni,KM,-12.2569,44.5319,75.15,88,24,7.09,1667785595
490,Oktyabr'skoye,RU,43.0645,44.7417,33.94,93,14,11.18,1667785595
491,Gimbi,ET,9.1667,35.8333,52.88,90,52,2.06,1667785596
492,Tiksi,RU,71.6872,128.8694,0.84,93,100,20.74,1667785596
493,Wasilla,US,61.5814,-149.4394,18.95,63,0,1.01,1667785597
494,Abu Samrah,SY,35.3029,37.1841,62.02,38,2,9.57,1667785597
495,Labuan,MY,5.2767,115.2417,84.56,79,20,2.3,1667785597
496,Gamba,GA,-2.65,10.0,73.74,92,100,3.27,1667785598
497,Nemuro,JP,43.3236,145.575,45.93,53,23,2.98,1667785598
498,Kudahuvadhoo,MV,2.6708,72.8944,81.36,78,95,12.28,1667785599
499,Qazax,AZ,41.0933,45.3661,45.16,90,100,5.84,1667785599
500,Areosa,PT,41.7178,-8.8571,57.67,86,65,9.4,1667785599
501,Paita,PE,-5.0892,-81.1144,63.23,83,0,11.03,1667785600
502,Sungai Raya,ID,0.7,108.9,77.09,91,100,4.74,1667785600
503,Fort Nelson,CA,58.8053,-122.7002,0.99,100,75,3.44,1667785600
504,Kapoeta,SS,4.7717,33.5903,78.48,56,100,4.68,1667785601
505,Philadelphia,US,39.9523,-75.1638,72.52,80,40,8.05,1667785504
506,Sola,VU,-13.8833,167.55,81.27,83,14,0.0,1667785601
507,Pangnirtung,CA,66.1451,-65.7125,4.05,66,0,6.22,1667785602
508,Colac,AU,-38.3333,143.5833,76.84,53,2,3.71,1667785602
509,Vanimo,PG,-2.6741,141.3028,87.28,63,97,4.83,1667785602
510,Kailua,US,21.4022,-157.7394,85.98,72,100,4.0,1667785603
511,Hobyo,SO,5.3505,48.5268,78.82,78,22,5.3,1667785603
512,Lima,PE,-12.0432,-77.0282,62.91,80,40,8.05,1667785533
513,Asău,RO,46.4333,26.4,49.28,92,86,2.93,1667785603
514,Rio Grande,BR,-32.035,-52.0986,61.84,80,0,15.1,1667785604
515,Mehamn,NO,71.0357,27.8492,35.55,87,94,19.57,1667785604
516,Cockburn Town,TC,21.4612,-71.1419,75.22,88,100,14.54,1667785581
517,Hambantota,LK,6.1241,81.1185,71.94,100,20,1.14,1667785605
518,Severo-Kuril'sk,RU,50.6789,156.125,36.72,67,80,28.14,1667785605
519,Barão de Melgaço,BR,-16.1944,-55.9675,74.26,37,0,4.18,1667785605
520,Fougamou,GA,-1.2154,10.5838,72.34,99,100,2.51,1667785606
521,San Jerónimo,PE,-11.9472,-75.2829,46.9,88,99,2.53,1667785606
522,Tayoltita,MX,24.0833,-105.9333,60.84,54,0,5.68,1667785607
523,Bodden Town,KY,19.2833,-81.25,82.4,74,20,6.91,1667785607
524,Goderich,CA,43.7501,-81.7165,57.9,58,72,16.11,1667785607
525,Tazovsky,RU,67.4667,78.7,19.0,97,94,6.22,1667785608
526,Brownwood,US,31.7093,-98.9912,69.8,56,0,0.0,1667785608
527,Vao,NC,-22.6667,167.4833,75.6,82,93,17.34,1667785608
528,Samarai,PG,-10.6167,150.6667,84.24,72,100,8.84,1667785609
529,Yinchuan,CN,38.4681,106.2731,44.06,30,0,5.26,1667785609
530,Lázaro Cárdenas,MX,17.9583,-102.2,78.22,85,0,6.2,1667785367
531,Sioux Lookout,CA,50.1001,-91.917,32.07,80,100,13.8,1667785610
532,Arona,ES,28.0996,-16.681,64.9,61,20,13.8,1667785610
533,Ukiah,US,39.1502,-123.2078,54.45,86,100,11.5,1667785430
534,Kāzerūn,IR,29.6195,51.6541,61.56,42,0,1.63,1667785611
535,Varhaug,NO,58.6147,5.6457,47.89,86,100,9.22,1667785611
536,Maceió,BR,-9.6658,-35.7353,74.64,100,100,4.61,1667785438
537,Malinyi,TZ,-8.9333,36.1333,71.76,80,97,3.11,1667785611
538,Saint-François,FR,46.4154,3.9054,49.44,81,100,4.61,1667785612
539,Sydney Mines,CA,46.2367,-60.2177,64.26,88,75,14.97,1667785612
540,Shenjiamen,CN,29.9576,122.298,64.81,61,0,6.98,1667785613
541,Port Macquarie,AU,-31.4333,152.9167,70.9,61,71,9.95,1667785613
542,Kasangulu,CD,-4.5911,15.1708,74.28,92,100,0.69,1667785613
543,Kanniyākumāri,IN,8.0833,77.5667,79.03,75,23,12.46,1667785614
544,Miles City,US,46.4083,-105.8406,23.97,63,0,10.36,1667785614
545,Kununurra,AU,-15.7667,128.7333,94.98,41,18,4.61,1667785375
546,Tolaga Bay,NZ,-38.3667,178.3,60.13,59,81,11.68,1667785614
547,Seoul,KR,37.5683,126.9778,53.17,58,0,5.75,1667785615
548,Talakan,RU,50.3167,130.3667,29.73,62,3,5.32,1667785615
549,Ōmachi,JP,36.5,137.8667,54.41,38,9,2.17,1667785615
550,Bella Union,UY,-30.2752,-57.6007,62.28,59,1,11.79,1667785616
551,Namtsy,RU,62.7161,129.6658,-14.04,93,44,6.78,1667785616
552,Southbridge,US,42.0751,-72.0334,68.27,92,7,8.99,1667785617
553,Kamienna Góra,PL,50.7831,16.0304,45.32,81,100,10.09,1667785515
554,Birjand,IR,32.8663,59.2211,43.27,42,0,9.22,1667785617
555,Gewanē,ET,10.1664,40.6453,74.39,46,26,2.84,1667785617
556,Anadyr,RU,64.75,177.4833,30.7,80,0,8.95,1667785618
557,Druzhba,UA,52.0428,33.9453,35.67,82,100,8.97,1667785618
558,Manggar,ID,-2.8833,108.2667,82.26,74,100,4.07,1667785619
559,Jumla,NP,29.2747,82.1838,48.83,38,74,2.8,1667785619
560,Pangody,RU,65.85,74.4859,11.62,96,88,5.37,1667785619
561,Kurumkan,RU,54.3,110.3,25.12,79,100,1.9,1667785620
562,Smithers,CA,54.7804,-127.1743,16.12,62,100,4.61,1667785515
563,Kaka,TM,37.3482,59.6143,50.68,82,100,7.92,1667785620
564,Shitanjing,CN,39.2342,106.3439,39.69,35,0,7.43,1667785621
565,Alexandria,EG,31.2156,29.9553,57.74,43,0,10.27,1667785481
566,Lagos,NG,6.5833,3.75,80.92,89,34,2.39,1667785451
567,Raja,SS,8.4596,25.678,73.26,54,97,3.27,1667785621
